[{"line":1,"elements":[{"start_timestamp":"2024-01-18T13:46:18.499Z","line":14,"name":"Enter  search term and verify  results","description":"","id":"product-search-functionality;enter--search-term-and-verify--results;;2","type":"scenario","keyword":"Scenario Outline","steps":[{"result":{"duration":16216261900,"status":"passed"},"line":4,"name":"I open the browser and enter the URL","match":{"location":"Steps.Searchsteps.iOpenTheBrowserAndEnterTheURL()"},"keyword":"Given "},{"result":{"duration":272983900,"status":"passed"},"line":6,"name":"I enter a valid product name as 'sofa' in the search bar","match":{"arguments":[{"val":"'sofa'","offset":32}],"location":"Steps.Searchsteps.iEnterAValidProductNameInTheSearchBar(java.lang.String)"},"keyword":"When "},{"result":{"duration":12380886500,"status":"passed"},"line":7,"name":"I click on the search button","match":{"location":"Steps.Searchsteps.iClickOnTheSearchButton()"},"keyword":"And "},{"result":{"duration":6009700,"status":"passed"},"line":8,"name":"results should be found for the search term","match":{"location":"Steps.Searchsteps.resultsShouldBeFoundForTheSearchTerm()"},"keyword":"Then "},{"result":{"status":"passed"},"line":9,"name":"no results should be found for the search term","match":{"location":"Steps.Searchsteps.noResultsShouldBeFoundForTheSearchTerm()"},"keyword":"Then "}]},{"start_timestamp":"2024-01-18T13:46:47.496Z","line":15,"name":"Enter  search term and verify  results","description":"","id":"product-search-functionality;enter--search-term-and-verify--results;;3","type":"scenario","keyword":"Scenario Outline","steps":[{"result":{"duration":10845128400,"status":"passed"},"line":4,"name":"I open the browser and enter the URL","match":{"location":"Steps.Searchsteps.iOpenTheBrowserAndEnterTheURL()"},"keyword":"Given "},{"result":{"duration":138518900,"status":"passed"},"line":6,"name":"I enter a valid product name as '' in the search bar","match":{"arguments":[{"val":"''","offset":32}],"location":"Steps.Searchsteps.iEnterAValidProductNameInTheSearchBar(java.lang.String)"},"keyword":"When "},{"result":{"duration":2023595700,"status":"passed"},"line":7,"name":"I click on the search button","match":{"location":"Steps.Searchsteps.iClickOnTheSearchButton()"},"keyword":"And "},{"result":{"status":"passed"},"line":8,"name":"results should be found for the search term","match":{"location":"Steps.Searchsteps.resultsShouldBeFoundForTheSearchTerm()"},"keyword":"Then "},{"result":{"status":"passed"},"line":9,"name":"no results should be found for the search term","match":{"location":"Steps.Searchsteps.noResultsShouldBeFoundForTheSearchTerm()"},"keyword":"Then "}]},{"start_timestamp":"2024-01-18T13:47:00.530Z","line":16,"name":"Enter  search term and verify  results","description":"","id":"product-search-functionality;enter--search-term-and-verify--results;;4","type":"scenario","keyword":"Scenario Outline","steps":[{"result":{"duration":13670625900,"status":"passed"},"line":4,"name":"I open the browser and enter the URL","match":{"location":"Steps.Searchsteps.iOpenTheBrowserAndEnterTheURL()"},"keyword":"Given "},{"result":{"duration":179682900,"status":"passed"},"line":6,"name":"I enter a valid product name as 'perfumes' in the search bar","match":{"arguments":[{"val":"'perfumes'","offset":32}],"location":"Steps.Searchsteps.iEnterAValidProductNameInTheSearchBar(java.lang.String)"},"keyword":"When "},{"result":{"duration":7944008600,"status":"passed"},"line":7,"name":"I click on the search button","match":{"location":"Steps.Searchsteps.iClickOnTheSearchButton()"},"keyword":"And "},{"result":{"duration":2081900,"status":"passed"},"line":8,"name":"results should be found for the search term","match":{"location":"Steps.Searchsteps.resultsShouldBeFoundForTheSearchTerm()"},"keyword":"Then "},{"result":{"duration":932800,"status":"passed"},"line":9,"name":"no results should be found for the search term","match":{"location":"Steps.Searchsteps.noResultsShouldBeFoundForTheSearchTerm()"},"keyword":"Then "}]},{"start_timestamp":"2024-01-18T13:47:22.340Z","line":17,"name":"Enter  search term and verify  results","description":"","id":"product-search-functionality;enter--search-term-and-verify--results;;5","type":"scenario","keyword":"Scenario Outline","steps":[{"result":{"duration":11638362800,"status":"passed"},"line":4,"name":"I open the browser and enter the URL","match":{"location":"Steps.Searchsteps.iOpenTheBrowserAndEnterTheURL()"},"keyword":"Given "},{"result":{"duration":142464100,"status":"passed"},"line":6,"name":"I enter a valid product name as 'chopa' in the search bar","match":{"arguments":[{"val":"'chopa'","offset":32}],"location":"Steps.Searchsteps.iEnterAValidProductNameInTheSearchBar(java.lang.String)"},"keyword":"When "},{"result":{"duration":3295015300,"status":"passed"},"line":7,"name":"I click on the search button","match":{"location":"Steps.Searchsteps.iClickOnTheSearchButton()"},"keyword":"And "},{"result":{"status":"passed"},"line":8,"name":"results should be found for the search term","match":{"location":"Steps.Searchsteps.resultsShouldBeFoundForTheSearchTerm()"},"keyword":"Then "},{"result":{"status":"passed"},"line":9,"name":"no results should be found for the search term","match":{"location":"Steps.Searchsteps.noResultsShouldBeFoundForTheSearchTerm()"},"keyword":"Then "}]},{"start_timestamp":"2024-01-18T13:47:37.443Z","line":18,"name":"Enter  search term and verify  results","description":"","id":"product-search-functionality;enter--search-term-and-verify--results;;6","type":"scenario","keyword":"Scenario Outline","steps":[{"result":{"duration":7110857800,"status":"passed"},"line":4,"name":"I open the browser and enter the URL","match":{"location":"Steps.Searchsteps.iOpenTheBrowserAndEnterTheURL()"},"keyword":"Given "},{"result":{"duration":9004024200,"status":"passed"},"line":6,"name":"I enter a valid product name as 'Industrial Tan 90cm Studded Back Bench' in the search bar","match":{"arguments":[{"val":"'Industrial Tan 90cm Studded Back Bench'","offset":32}],"location":"Steps.Searchsteps.iEnterAValidProductNameInTheSearchBar(java.lang.String)"},"keyword":"When "},{"result":{"duration":4847056300,"status":"passed"},"line":7,"name":"I click on the search button","match":{"location":"Steps.Searchsteps.iClickOnTheSearchButton()"},"keyword":"And "},{"result":{"duration":2006800,"status":"passed"},"line":8,"name":"results should be found for the search term","match":{"location":"Steps.Searchsteps.resultsShouldBeFoundForTheSearchTerm()"},"keyword":"Then "},{"result":{"status":"passed"},"line":9,"name":"no results should be found for the search term","match":{"location":"Steps.Searchsteps.noResultsShouldBeFoundForTheSearchTerm()"},"keyword":"Then "}]}],"name":"Product Search Functionality","description":"","id":"product-search-functionality","keyword":"Feature","uri":"file:src/test/java/feature/Search.feature","tags":[]}]